tryingtosleep,trying to sleep
mixture,mixture
runit,run it
whatadream,what a dream
keepitcoming,keep it coming
originalman,original man
sportsnews,sports news
onrepeat,on repeat
creative,creative
thegrandmaster,the grandmaster
nicee,nicee
photocontest,photo contest
linux,linux
exactwords,exact words
cursing,cursing
degeneratemedia,degenerate media
powercouple,power couple
factsoflife,facts of life
badatreferences,bad at references
awardshow,award show
cyclists,cyclists
season1episode2,season 1 episode 2
boxervsrain,boxer vs rain
lovewithouttragedy,love without tragedy
inmyopinion,in my opinion
thatsmydaddy,thats my daddy
whatelseisnew,what else is new
privateschoolprobz,private school probz
Deleanorrie,Deleanorrie
Batflack,Batflack
Mikey,Mikey
Copped,Copped
NextMicrosoftCEO,Next Microsoft CEO
longlive,long live
usairways,us airways
Hoodrat,Hood rat
FINALLY,FINALLY
heronrine,heronrine
TheDuo,The Duo
heartless,heartless
CastleonTNT,Castle on TNT
Espana,Espana
YouHitItFirst,You Hit It First
noideawhy,no idea why
7thSeptember,7 th September
SyawalJuga,Syawal Juga
RootyQ,Rooty Q
corn,corn
dingdingding,ding ding ding
BeatLA,Beat LA
ThatsAttractive,Thats Attractive
syrian,syrian
AmWriting,Am Writing
Have,Have
NSAplz,NSA plz
emblem3,emblem3
WEATHERDELAYS,WEATHER DELAYS
booktrailer,book trailer
DailyFantasy,Daily Fantasy
21ReasonsWhyILoveDemi,21 Reasons Why I Love Demi
WhenSnoopHostsBETHipHopAwards,When Snoop Hosts BET Hip Hop Awards
NewYorkGiants,New York Giants
keeppounding,keep pounding
Reporter,Reporter
Hillary2016,Hillary 2016
Falcons,Falcons
RobertDeNiro,Robert De Niro
Auspol,Auspol
Etsy,Etsy
LakeHouse,Lake House
everyoneknowsthis,everyone knows this
youcandefinitelyhearusroar,you can definitely hear us roar
Lumens,Lumens
MonaNelsonTrial,Mona Nelson Trial
DUCKFACE,DUCKFACE
TheFinalCut,The Final Cut
WhatALadYouAre,What A Lad You Are
AlwaysOn,Always On
sorrygirls,sorry girls
ThinkOutOfTgeBox,Think Out Of Tge Box
BetterCallSaul,Better Call Saul
TheFreshPrinceOfBelAir,The Fresh Prince Of Bel Air
GetDunkedon,Get Dunked on
waldoiscool,waldo is cool
joemacintosh,joe macintosh
pandoraonpointtho,pandora onpoint tho
workisdeath,work is death
jaimelovesstuff,jaime loves stuff
SmallBusiness,Small Business
AriantorsAreWorried,Ariantors Are Worried
Doggie,Doggie
ANTMBritshInvasion,ANTM Britsh Invasion
nano,nano
RosebarDayParty,Rosebar Day Party
willpower,willpower
favoritebook,favorite book
NoDaysOff,No Days Off
royalclubentertainment,royal club entertainment
Bruce2Wpg,Bruce 2 Wpg
GimmeGimmeGimme,Gimme Gimme Gimme
bankhoilday,bank hoilday
MomProblems,Mom Problems
Shakeology,Shakeology
Comicmarket,Comic market
PixieInfinity,Pixie Infinity
MercuryRetrograde,Mercury Retrograde
AnziMakha,Anzi Makha
icouldhavewatchedthisforyears,i could have watched this for years
amazingLoveThem,amazing Love Them
overachiever,overachiever
castingfailure,casting failure
dontbeafraud,dont be a fraud
NeverBeenHurt,Never Been Hurt
OneLeaderOneNation,One Leader One Nation
SuperGuy,Super Guy
pink,pink
brunobanani,bruno banani
bearsoffense,bears offense
katemoss,kate moss
tuesnighttwitterblackout,tues night twitter blackout
anklebreak,ankle break
LiamYouAreAWarrior,Liam You Are A Warrior
Luck,Luck
EndChildhoodHunger,End Childhood Hunger
transfers,transfers
roundandround,round and round
ChicagoBears,Chicago Bears
BestFriends,Best Friends
PresidentPaul,President Paul
onceUponAtime,once Upon A time
tfwcancun,tfw cancun
Viral2013,Viral 2013
TheBestInTheWorldCR7,The Best In The World CR7
rodgerhasabigtodger,rodger has a big todger
HappyBirthdayVoiceOfArt,Happy Birthday Voice Of Art
stayhomevoters,stay home voters
sleepless,sleepless
Movieshttp,Movies http
LoveDemi,Love Demi
Examinercom,Examiner com
FuckNiggas,Fuck Niggas
knickstape,knicks tape
BenAffleckisthenight,Ben Affleck is the night
GetWellSoonPiers,Get Well Soon Piers
buffet,buffet
wherearetheynow,where are they now
artpopladygaga,artpop lady gaga
chelsealately,chelsea lately
lokeitup,loke it up
KingsIsland,Kings Island
Hotcards,Hot cards
Guyswhoaresexyandbestbeknowinit,Guys who are sexy and best be know in it
SandonFollowParty,Sandon Follow Party
grosseclasse,grosse classe
Forver21,Forver 21
edcampdetroit,edcamp detroit
PRESIDENCY,PRESIDENCY
sanchezproblems,sanchez problems
getresults,get results
Vaccination,Vaccination
leabianlovers,leabian lovers
mickey,mickey
babygate,baby gate
ItsDifferentLevels,Its Different Levels
outdoorkitchendesigns,outdoor kitchen designs
Marrakesh,Marrakesh
secondamendment,second amendment
stopthecycle,stop the cycle
paniniamerica,panini america
AIRPLANE,AIRPLANE
WeDontWantBenAffleckAsBatman,We Dont Want Ben Affleck As Batman
MeadowsMall,Meadows Mall
onlinebusiness,online business
celebration,celebration
BieberFever,Bieber Fever
nashvilleskyline,nashville skyline
AboutABoy,About A Boy
halleberry,halle berry
bengomori,ben gomori
AndChocolate,And Chocolate
playas1,play as 1
Snowdenyes,Snowden yes
BenAffleckHasBatman,Ben Affleck Has Batman
peaceouthomefries,peace out home fries
blackfacts,black facts
RoadToRecovery,Road To Recovery
NeutronCream,Neutron Cream
shitnobodysays,shit nobody says
Numer1DraftPick,Numer 1 Draft Pick
andalucia,andalucia
AmericaTonight,America Tonight
neocon,neocon
afghanistan,afghanistan
mygrounded,my grounded
GoTeamCute,Go Team Cute
donotgogentleswans,do not go gentle swans
LoveThis1,Love This 1
thuglifetho,thug life tho
SomethingBorrowed,Something Borrowed
idiedlaughing,i died laughing
screenminecraft,screen minecraft
BestInSports,Best In Sports
BostonTrolls,Boston Trolls
Callofdutymagic,Call of duty magic
Bellahouston,Bellahouston
BLUEJAYS,BLUE JAYS
lesh,lesh
PlayoffsHereWeCome,Playoffs Here We Come
TeamInsaneRetards,Team Insane Retards
apartmentinnewyork,apartment in new york
oliviapopewouldapprove,olivia pope would approve
goatrance,goa trance
urology,urology
XfactorAroundTheWorld,X factor Around The World
PrayForNikki,Pray For Nikki
GalaxyNexus,Galaxy Nexus
Foto,Foto
kimbracover,kimbra cover
thethuglifechoseme,the thug life chose me
MentionSomeomeBeautiful,Mention Someome Beautiful
Holygrail,Holy grail
MySavingGrace,My Saving Grace
REPUBS,REPUBS
waletop5,wale top 5
JayRyan,Jay Ryan
BOOBSQUIZ,BOOBS QUIZ
SubliminalMessaging,Subliminal Messaging
Services,Services
part2,part 2
Pinkslips,Pink slips
theresmorewherethatcamefrom,theres more where that came from
Cherylknows,Cheryl knows
iAteTheBones,i Ate The Bones
Price,Price
CultOfPersonality,Cult Of Personality
gottahotdate,gotta hot date
NikeRunning,Nike Running
leightonmeester,leighton meester
MetalGearSolid,Metal Gear Solid
sodone,so done
educatedfirefighter,educated firefighter
anythinghelps,anything helps
Squamish,Squamish
mynameisjudge,my name is judge
IceCube,Ice Cube
winningfortheyear,winning for the year
PrincessOrDuchessOrBoth,Princess Or Duchess Or Both
playoffrush,playoff rush
radiodasantigas,radio das antigas
SouthlandTales,Southland Tales
Top5AlbumsOfTheYearSoFar,Top 5 Albums Of The Year So Far
waititsnotfriday,wait its not friday
hopefully,hopefully
BYP100,BYP 100
brnoseries,brno series
MusicSpotlight,Music Spotlight
IfIWereOnGreys,If I Were On Greys
peoplearelooking,people are looking
DisappointedToDeath,Disappointed To Death
SparksStreet,Sparks Street
AnnaKendrickLamar,Anna Kendrick Lamar
Democracy,Democracy
quotesaboutlove,quotes about love
SentencesYouDontWantToHearYourMotherSay,Sentences You Dont Want To Hear Your Mother Say
keepsmeoccupied,keeps me occupied
Campello,Campello
perfecter,perfecter
youjelly,you jelly
TheBestDanceShowEver,The Best Dance Show Ever
WhyYouWannaEatPeople,Why You Wanna Eat People
Beehive,Beehive
hamsterface,hamster face
insurgent,insurgent
thefirerises,the fire rises
10RANDOMACTS,10 RANDOM ACTS
idisappointmyself,i disappoint myself
SoMuchHair,So Much Hair
Jcrew,Jcrew
Absolution,Absolution
nopuffinseen,no puffin seen
Bibi,Bibi
skeptisk,skeptisk
Batleck,Batleck
Cheerleading,Cheerleading
newstome,news to me
slowservice,slow service
BigLove,Big Love
bestfriendatworkaward,best friend at work award
greencard,green card
SnowdenThe,Snowden The
LoveANTM,Love ANTM
aleshadixon,alesha dixon
funda,funda
combination,combination
bittersweet,bitter sweet
pharrell,pharrell
PHONE,PHONE
GiantsMobile,Giants Mobile
Senior2014,Senior 2014
feed,feed
meredith,meredith
multifucked,multifucked
Topgear,Top gear
im12,im 12
GOOGLEPLAY,GOOGLE PLAY
amazingjob,amazing job
needle,needle
PCGames,PC Games
swing,swing
WEBEAST,WE BEAST
AlphaScott,Alpha Scott
dreamon,dream on
makeout,make out
soccershoesfetish,soccer shoes fetish
Courage,Courage
Pasikatan2013,Pasikatan 2013
BottleShock,Bottle Shock
kktc,kktc
1DMoviesChat,1D Movies Chat
oksteakcookoff,ok steak cook off
SamIsBack,Sam Is Back
doublexp,double xp
hateitorloveit,hate it or love it
birdsvilleraces,birdsville races
efffyeah,efff yeah
Tacos,Tacos
assasin,assasin
gummybears,gummy bears
Classof2014,Class of 2014
direct,direct
CastrosNBAHateRank,Castros NBA Hate Rank
uglyskank,ugly skank
Cabaret,Cabaret
iamthedanger,i am the danger
birth,birth
4thReichrising,4th Reich rising
Kisskiss,Kiss kiss
OprahOscar,Oprah Oscar
harry1d,harry 1d
RIPKANYE,RIP KANYE
niggas,niggas
easilyamused,easily amused
instagram,instagram
Roulette,Roulette
NoPlanB,No Plan B
whatsgood,whats good
point,point
LightersUp,Lighters Up
PTSD,PTSD
AlbumCover,Album Cover
Buffywisdom,Buffy wisdom
familyfun,family fun
jan25,jan 25
IdealDay,Ideal Day
pinkfriday,pink friday
22Meet,22 Meet
27Dresses,27 Dresses
sorrybro,sorry bro
shirk,shirk
LOVERS,LOVERS
ryanreynolds,ryan reynolds
bape,bape
intaphoto,intaphoto
benleck,ben leck
August29,August 29
parties,parties
TERA,TERA
DodgerBlue,Dodger Blue
Legian,Legian
MacAir,Mac Air
Taylord,Taylord
cplt2013,cplt 2013
solucky,so lucky
1DFRAGANCE,1D FRAGANCE
TheDesertRose,The Desert Rose
MAGNIFICENT,MAGNIFICENT
BestVine,Best Vine
Faggot,Faggot
TheStig,The Stig
F12013,F1 2013
instageek,instageek
iggy,iggy
hugs,hugs
Clois,Clois
iphonography,iphonography
WarwickProbs,Warwick Probs
notconvinved,not convinved
blackpower,black power
Crushes,Crushes
ChemicalWeapons,Chemical Weapons
ghostbusters,ghostbusters
MIRANDAKERR,MIRANDA KERR
Attention,Attention
9NewsMornings,9 News Mornings
3rdtimesacharm,3 rd times a charm
mandarinenapoleon,mandarine napoleon
greekdirectionerssupportliamsdecisionsliam,greek directioners support liams decisions liam
damonismyfave,damon is my fave
putyouupongame,put you upon game
fallen,fallen
tooshort,too short
fundamentaltransformation,fundamental transformation
littlegirle,little girle
pastries,pastries
buzzzing,buzzzing
youwillpay,you will pay
accuraterepresentationofme,accuratere presentation of me
youarethebestfootballkiller,you are the best football killer
heehee,hee hee
ontothenext,onto the next
storythursday,story thursday
monologues,monologues
wordofmouth,word of mouth
happpybirthdaytimburton,happpy birthday tim burton
iwannajensenasbatman,i wanna jensen as batman
looksoreal,look so real
illloveyouforever,i ll love you forever
anythingcanhappen,anything can happen
rickytherockstar,ricky the rock star
seaside,seaside
heartbreakinglines,heartbreaking lines
itweetfeeds,i tweet feeds
buenamusic,buena music
cheerstosoccer,cheers to soccer
tenminutetakeover,ten minute takeover
teenchoiceawardsparty,teen choice awards party
motivated,motivated
frominjury,from injury
yourabadass,your a badass
goawayboobs,go away boobs
inthehouse,in the house
GoAngels,Go Angels
dwot,dwot
GoGoVettel,Go Go Vettel
hottestcollegeinamerica,hottest college in america
ohtakemebacktothestart,oh take me back to the start
LeeNorris,Lee Norris
CornettoForever,Cornetto Forever
STATE,STATE
Sessions,Sessions
PeterPan,Peter Pan
independenceday,independence day
juicyj,juicy j
dontruinthisformeisweartogod,dont ruin this for me i swear to god
hangoverthemovie,hangover the movie
extensions,extensions
pieitforward,pie it forward
1Dtoday,1D today
AnywayYouWantIt,Anyway You Want It
SCtweets,SC tweets
illtakeoneofthose,ill take one of those
SoVeryVeryLonely,So Very Very Lonely
poorkid,poor kid
nofilters,no filters
stackedgroup,stacked group
opencity,open city
greatestdad,greatest dad
convinced,convinced
annapolis,annapolis
Phillies90sRetroNight,Phillies 90s Retro Night
hashtagYEAH,hashtag YEAH
LiberalLogic,Liberal Logic
BigSpoon,Big Spoon
BrickRSS,Brick RSS
Rings,Rings
someonesneakmein,someone sneak me in
digiornogameday,digiorno gameday
NEWUPDATE,NEW UPDATE
carrotdays,carrot days
FedGovt,Fed Govt
KnuffelOfZoen,Knuffel Of Zoen
PRAYFORBALE,PRAY FOR BALE
MaxFoster,Max Foster
instagrams,instagrams
Coolpix,Cool pix
RALLYBLUETEAM,RALLY BLUE TEAM
phonedontcrackprobs,phone dont crack probs
Foot,Foot
hologram,hologram
Waikiki,Waikiki
ASLsportsgroup,ASL sports group
MalagaCF,Malaga CF
KellyOsbourne,Kelly Osbourne
lifemade,life made
FIFA13,FIFA 13
bailout,bailout
cafnation,caf nation
sexyback,sexy back
Loser,Loser
nobel,nobel
Ciara,Ciara
keepcalm,keep calm
6monthspregnent,6 months pregnent
shoeaddict,shoe addict
DAYS,DAYS
cricket,cricket
christianbale,christian bale
clinton,clinton
Vanquish,Vanquish
GeneRoddenberry,Gene Roddenberry
northbeach,north beach
defundobamacare,defund obamacare
Ligue1,Ligue 1
RIPshit,RIP shit
PLLfinaleFever,PLL finale Fever
glees5,glee s5
selgomez,sel gomez
onairoops,on air oops
billsmafia,bills mafia
streaming,streaming
instaperfect,instaperfect
blinded,blinded
fridaynight,friday night
RyanBraun,Ryan Braun
Update,Update
Hotel,Hotel
snakeskin,snake skin
cast,cast
standunited,stand united
ViggleTV,Viggle TV
TomHaverford,Tom Haverford
AfterParty,After Party
caferacerxx,cafe racer xx
breakingbadsunday,breaking bad sunday
gonnaregretit,gonna regret it
UnClassique,Un Classique
worldcinema,world cinema
rockingsaturdaynight,rocking saturday night
needaskypechat,need a skype chat
womanbeater,woman beater
SHARAPOVA,SHARAPOVA
LocalEvents,Local Events
CoreyHaim,Corey Haim
PRESIDENT,PRESIDENT
goddamn,god damn
pukkamovie,pukka movie
Fume,Fume
MonsterLove,Monster Love
DalaranEvent,Dalaran Event
Annuity,Annuity
trey,trey
celticfc,celtic fc
TrueHoss,True Hoss
alwaysloving,always loving
notaboutthatlife,not about that life
darthmaul,darth maul
GagaMonstersAreHereForYou,Gaga Monsters Are Here For You
whosline,whos line
ICantGetJiggyWitDisShit,I Cant Get Jiggy Wit Dis Shit
youknowyoucantsing,you know you cant sing
edmcentral,edm central
Wiltshire,Wiltshire
backinyourarms,back in your arms
TwoYearsOfWMYB,Two Years Of WMYB
thekilling,the killing
DesignLuxChat,Design Lux Chat
JustinYouAreOurHero,Justin You Are Our Hero
Hillarious,Hillarious
Squadddddddd,Squadddddddd
Mataria,Mataria
biggest,biggest
hotnerd,hot nerd
yiewwww,yiewwww
LeadRole,Lead Role
Testing,Testing
idontknowhowshedoesit,i dont know how she does it
recognized,recognized
summerstruggle,summer struggle
luuuuuke,luuuuuke
instantreplays,instant replays
pencils,pencils
affairwithamercedesbenz,affair with a mercedes benz
traffikgroup,traffik group
shefine,she fine
imnotcrazy,im not crazy
guyprobs,guy probs
been2long,been 2 long
skooliz4foolz,skooliz 4 foolz
backtoherroots,back to her roots
behavior,behavior
newapartment,new apartment
goldenballs,golden balls
german,german
authorities,authorities
projectcatchup,project catch up
yeahyeahyeahs,yeah yeah yeahs
f1junkie,f1 junkie
iwontsayiminlove,i wont say im in love
whaaaaat,whaaaaat
byrdistheword,byrd is the word
creeps,creeps
nowifi,no wifi
archaeological,archaeological
sendhewyhisshoes,send hewy his shoes
myfirstgame,my first game
stillmadovertheending,still mad over the ending
GeorgeDavis,George Davis
doggystylevi,doggy style vi
lendusalive,lend us alive
PLLseason4,PLL season 4
zerrie4ever,zerrie 4 ever
countryMusic,country Music
youreout,youre out
whore,whore
Respected,Respected
weaksauce,weak sauce
GoViks,Go Viks
mercedesamgf1,mercedes amg f1
Lasttweet,Last tweet
2009,2009
FETISH,FETISH
streetart,street art
PaulWesley,Paul Wesley
lovestory,love story
fucked,fucked
SanFranciscoGiants,San Francisco Giants
PRETTYLITTLELIARS,PRETTY LITTLE LIARS
nbaleaguepass,nba league pass
Minecraftsolo,Minecraft solo
GetYaGangstaOn,Get Ya Gangsta On
RedSkinsNation,Red Skins Nation
elderscrollsIVoblivion,elder scrolls IV oblivion
LetHimGo,Let Him Go
sopeacful,so peacful
TheAudience,The Audience
missedday,missed day
UnfairlyBeautifulAtTheFair,Unfairly Beautiful At The Fair
spartacus,spartacus
futuramafry,futurama fry
liberalguilt,liberal guilt
MarchOn,March On
FEMINISM,FEMINISM
Mideast,Mideast
louisTomlinson,louis Tomlinson
JustinBieberToEstonia,Justin Bieber To Estonia
IBeRich,I Be Rich
BuschGardens,Busch Gardens
ElectronicArts,Electronic Arts
jamesMcavoy,james Mcavoy
TheBestoftheBest,The Best of the Best
WorkingOnaDreamEastofEden,Working On a Dream East of Eden
Gorgeous,Gorgeous
blowingmymind,blowing my mind
wecantstoplistening,we cant stop listening
DravetSyndrome,Dravet Syndrome
OriginalBandNames,Original Band Names
shiny,shiny
VictoriaSecretAngel,Victoria Secret Angel
ivegrownaccustomedtoherface,ive grown accustomed to her face
ThoughtItWasInTheBag,Thought It Was In The Bag
Microsofthttp,Microsoft http
StllMilkingIt,Stll Milking It
teenwolftonight,teen wolf tonight
Loveme,Love me
ApplyNow,Apply Now
MeGustasComoPara,Me Gustas Como Para
nerdpower,nerd power
eatgreedy,eat greedy
SFGiantsSUCK,SF Giants SUCK
CanadianKawasaki,Canadian Kawasaki
lovelife,love life
newfavsong,new fav song
DemocratOlympicEventsAlGore,Democrat Olympic Events Al Gore
humanitysucks,humanity sucks
TheActofKilling,The Act of Killing
LouisianaRepublicansBlameObamaFor,Louisiana Republicans Blame Obama For
couponswithzipcodes,coupons with zip codes
MediaBiasAgainstGOP,Media Bias Against GOP
whistleblowers,whistleblowers
NvidiaShield,Nvidia Shield
Uplifting,Uplifting
BestBoyfriend,Best Boyfriend
pants,pants
GameFebreTeen,Game Febre Teen
NowYouKnow,Now You Know
BrownGate,Brown Gate
G00dmusic,G00d music
blackeye,black eye
safetyshow,safety show
instaturk,instaturk
Gesture,Gesture
GoMarinera,Go Marinera
UNION,UNION
wearechicago,we are chicago
pornname,porn name
Gottabeyou,Gotta be you
osbirdsnest,os birds nest
kmart,kmart
fortedeimarmi,forte dei marmi
Thea,Thea
BackToBasics,Back To Basics
missthatguy,miss that guy
GoWarriors,Go Warriors
ChickFilA,Chick Fil A
elderly,elderly
10ThingsImAttractedToNiall,10 Things Im Attracted To Niall
25Daysalleyesonbritney,25 Days all eyes on britney
lemans,lemans
Hate,Hate
Trugen,Trugen
StagesDay,Stages Day
expressbars,expressbars
mitchell,mitchell
goodluckcod,good luck cod
fuqNetFlix,fuq NetFlix
Inauguration,Inauguration
OliviaColman,Olivia Colman
Recording,Recording
PleaseDontSuck,Please Dont Suck
emmawatson,emma watson
QueensShit,Queens Shit
SaintGeorges,Saint Georges
IHaveNoLife,I Have No Life
10thintheWest,10 thin the West
49ershttp,49ers http
futurestartingqb,future starting qb
stillgivingafuck,still giving a fuck
killforme,kill for me
90smusic,90s music
foodstampfraud,food stamp fraud
iwilldyemyhairred,i will dye my hair red
noneedtobeconcerned,no need to be concerned
dontknowificouldsleeptonight,dont know if i could sleep tonight
nothingbutbands,nothing but bands
idchoosehim,id choose him
RooneyforChelsea,Rooney for Chelsea
3cornettos,3 cornettos
cmonnowquitplayingimwaiting,cmon now quit playing im waiting
mcdreamy,mcdreamy
CBBBOTS,CBB BOTS
duckphillips,duck phillips
LesDuosQuiOntMarqueLHistoire,Les Duos Qui Ont Marque LHistoire
Stars2Know,Stars 2 Know
hairdied,hair died
myoldphonesucks,my old phone sucks
latinosinthedeepsouth,latinos in the deep south
weneedanationalpark,we need a national park
LandoftheLost,Land of the Lost
icecold,ice cold
Heartbreaker,Heart breaker
TheRiseGuys,The Rise Guys
golewis,go lewis
ChubbyBunny,Chubby Bunny
MorganFreeman,Morgan Freeman
DAMN,DAMN
Kamloops,Kamloops
SurveillanceState,Surveillance State
bums,bums
Ewwww,Ewwww
kungfu,kung fu
military,military
forbes,forbes
LeanIn,Lean In
publishing,publishing
BRONCOS,BRONCOS
noquicksolution,no quick solution
myyyyyNEEEE,myyyyy NEEEE
FREEQUEST,FREE QUEST
TRANCEFAMILY,TRANCE FAMILY
LIKEforLIKE,LIKE for LIKE
cancoke,can coke
BERLUSCONI,BERLUSCONI
BLESSED1,BLESSED 1
conceptiphone,concept iphone
haute,haute
sneakerfiles,sneaker files
forevertired,forever tired
specialfood,special food
idhangonthat,id hang on that
amillionhoodies,a million hoodies
minecraf,minecraf
ourmomentfragrance,our moment fragrance
waybackwhen,way back when
KillMicrosoftsMomentum,Kill Microsofts Momentum
dontchewthegum,dont chew the gum
FernandoTorres,Fernando Torres
shootme,shoot me
watchfreetv,watch free tv
shebasic,she basic
roomates,roomates
CONGRATS,CONGRATS
Dunk,Dunk
aamirkhan,aamir khan
SailfishOS,Sailfish OS
Fangirl,Fan girl
batfleck,batfleck
SwineFest,Swine Fest
10todayshow,10 today show
Kimi,Kimi
youtuber,youtuber
NewNJGunLaws,New NJ Gun Laws
rageofbahamut,rage of bahamut
president,president
phone,phone
Kobo,Kobo
AlQaeda,Al Qaeda
askrichard,ask richard
sohot,so hot
UTSA17,UTSA 17
chanelbag,chanel bag
1999,1999
DeanWinchester,Dean Winchester
ADIDAS,ADIDAS
MovieReview,Movie Review
ipodtouch,ipod touch
PuertoRico,Puerto Rico
marathon,marathon
Flames,Flames
Blessed,Blessed
top5,top 5
Starbucks,Starbucks
AskGatsby,Ask Gatsby
Tsarnaev,Tsarnaev
Loud,Loud
GGCTransforms,GGC Transforms
FreeBG,Free BG
VIDEO,VIDEO
spongebobsquarepants,spongebob squarepants
Lake,Lake
three,three
Bangalore,Bangalore
eossipov,eossipov
trailblazers,trail blazers
legionella,legionella
chiropractic,chiropractic
DexterMorgan,Dexter Morgan
maternity,maternity
badvsgood,bad vs good
TheRoots,The Roots
PabloArmy,Pablo Army
BetterBarmanThanBenAffleck,Better Barman Than Ben Affleck
SongsForVlad,Songs For Vlad
wishitwasreal,wish it was real
inlovewith1D,in love with 1D
ShemarIsAllTheChocolateINeed,Shemar Is All The Chocolate I Need
Geeklove,Geek love
TEAMRONSAM,TEAM RONSAM
Quran,Quran
biaaaach,biaaaach
KnowsHerShit,Knows Her Shit
fangtasyisland,fangtasy island
videooftheday,video of the day
RapeTweet,Rape Tweet
rafsimons,raf simons
permaculture,permaculture
keepup,keep up
BestManForTheJob,Best Man For The Job
then,then
Troubledman,Troubled man
dominationstation,domination station
WeOutChea,We Out Chea
gimmemore,gimme more
DelayedTweet,Delayed Tweet
goingthroughaphase,going through a phase
justbecause,just because
Belguim,Belguim
scrimmage,scrimmage
BodyRockGang,Body Rock Gang
finallysomesense,finally some sense
BakerMotorCompany,Baker Motor Company
NotShocked,Not Shocked
teammercedesamg,team mercedes amg
DownloadRoarOn4Shared,Download Roar On 4Shared
pic3,pic 3
traumitised,traumitised
LetsEat,Lets Eat
ColdWeather,Cold Weather
bestpictureoftheday,best picture of the day
ToastToTennis,Toast To Tennis
didijustrhymethisorsomething,did i just rhyme this or something
Greysonfact,Greys on fact
DallasMavs,Dallas Mavs
Gallagher,Gallagher
superbowlBOUND,super bowl BOUND
RichardMadden,Richard Madden
italian,italian
spartanmove,spartan move
thumbscannerwhat,thumb scanner what
ImageAmplified,Image Amplified
USPS,USPS
muslimahpride,muslimah pride
badmorning,bad morning
minecrafthouses,minecraft houses
livegatsby,live gatsby
faceoffsyfy,face off syfy
gearz,gearz
ultra,ultra
SeeYouInThePlayoffs,See You In The Playoffs
bluntvilles,bluntvilles
ahmazing,ahmazing
nobodytoldme,nobody told me
dontmesswithtexas,dont mess with texas
rodolfo,rodolfo
crispyduckbali,crispy duck bali
ChexterForever,Chexter Forever
sunydownstate,suny downstate
canthelpmyself,cant help myself
SelfMotivatedDude,Self Motivated Dude
Goowap,Goowap
schnauzergang,schnauzer gang
craigcharles,craig charles
piggy,piggy
thingsthatmakemehappy,things that make me happy
AidanTurner,Aidan Turner
Minds,Minds
RCTLesMis,RCT Les Mis
PrayForRoscoe,Pray For Roscoe
EPLUpdates,EPL Updates
WheresSheldon,Wheres Sheldon
MyGlory,My Glory
PLLfamily,PLL family
Darkside,Darkside
favefilm,fave film
DaDaDa,Da Da Da
MuchLoveForTHREE,Much Love For THREE
ThatisAll,That is All
bowiefriday,bowie friday
allaccess,all access
5winsinarow,5 wins in a row
Fitcode,Fit code
excitedddddddd,excitedddddddd
ohmygerd,oh my gerd
beardgang,beard gang
PORTUGAL,PORTUGAL
Hamster,Hamster
20CancionesFavorita,20 Canciones Favorita
wbbw,wbbw
beanbath,bean bath
AsRoma,As Roma
Lenny,Lenny
GoArrows,Go Arrows
EgoMaxwell,Ego Maxwell
JobstheFilm,Jobs the Film
xula,xula
RIGHT,RIGHT
Harryscode,Harrys code
90sareback,90s are back
againstallodds,against all odds
bigdeal,big deal
wolfies,wolfies
wherearethegays,where are the gays
theamazingspiderman,the amazing spiderman
happy3rdbirthdaytd,happy 3rd birthday td
conetto,conetto
fantasyproblems,fantasy problems
3classesaday,3 classes a day
misleading,misleading
baseballismylife,baseball is my life
someonepleasehelpwillgraham,some one please help will graham
whatisthepoint,what is the point
w00t,w00t
careerinit,career in it
vocalsandverses,vocals and verses
onmyface,on my face
tenshi,tenshi
drunkass,drunk ass
nooootttttt,nooootttttt
noluck,no luck
policebike,police bike
thanksprestonsmithhh,thanks preston smithhh
happybirthdaykunalkarankapoor,happy birthday kunal karan kapoor
sheldonismyhomeboy,sheldon is my home boy
goldandred,gold and red
sleepadvantage,sleep advantage
season6ep7,season 6 ep 7
the411ladies,the 411 ladies
brekkytreat,brekky treat
flashsale,flash sale
waitforthesiren,wait for the siren
iamthebestgirlfriend,i am the best girlfriend
palabra,palabra
ihadtoproveapoint,i had to prove a point
heavenly,heavenly
shakthar,shakthar
dancetime,dance time
nexttopgames,next top games
makingtheworldabetterplace,making the world a better place
betterthanlost,better than lost
latenites,late nites
forgetgodmode,forget god mode
somuchfood,so much food
geekmom,geek mom
andreus,andreus
neverrealisedit,never realised it
slowdownthesonghttp,slow down the song http
carepackage,care package
blondie,blondie
brainfuckit,brain fuck it
drinkingthehaterade,drinking the haterade
starbucksing,starbucksing
debtceiling,debt ceiling
dogville,dogville
giveyourheartabreakto100million,give your heart a break to 100 million
superstars,superstars
youareadumbass,you are a dumbass
newcast6e,newcast6e
javajunkie,java junkie
abcfamilysucks,abc family sucks
familytrippy,family trippy
